Date,Open,High,Low,Close,Adj Close,Volume
2018/1/3,46.330002,46.529999,45.93,46.16,46.16,236547
2018/1/2,45.610001,46.34,45.529999,46.220001,46.220001,162216
2018/1/1,46.700001,46.73,45.82,45.959999,45.959999,166560
2017/12/28,47,47,46.240002,46.700001,46.700001,154666
2017/12/27,46.889999,47.09,46.459999,47.02,47.02,125445
2017/12/26,46.599998,47.040001,45.93,46.790001,46.790001,158252
2017/12/21,45.599998,46.599998,45.25,46.599998,46.599998,221208
2017/12/20,45.5,45.810001,44.860001,45.599998,45.599998,711966
2017/12/19,43,44.830002,42.994999,44.669998,44.669998,493931
2017/12/18,43.75,43.880001,42.360001,42.990002,42.990002,572626
2017/12/17,44.220001,44.450001,43.82,43.900002,43.900002,320678
2017/12/14,44.77,44.865002,44.150002,44.299999,44.299999,567634
2017/12/13,44.799999,45.27,44.779999,44.919998,44.919998,346298
2017/12/12,45.860001,45.875,44.950001,45.060001,45.060001,201995
2017/12/11,46.009998,46.32,45.759998,45.830002,45.830002,246886
2017/12/10,46.009998,46.650002,45.935001,46.139999,46.139999,185361
2017/12/7,46.599998,47.119999,46.599998,46.849998,46.849998,243214
2017/12/6,46.200001,46.794998,45.860001,46.52,46.52,293899
2017/12/5,46.709999,47.110001,46.25,46.299999,46.299999,296548
2017/12/4,46.52,47.139999,46.240002,46.849998,46.849998,243317
2017/12/3,46.990002,46.990002,46.27,46.52,46.52,254398
2017/11/30,46.32,47.82,46.32,47.040001,47.040001,362381
2017/11/29,46.75,47.330002,46.75,47,47,406674
2017/11/28,47,47.07,46.5,46.889999,46.889999,328716
2017/11/27,46.799999,47.259998,46.139999,46.959999,46.959999,233691
2017/11/26,46.349998,47.060001,46.349998,46.84,46.84,153474
2017/11/23,45.93,46.66,45.919998,46.639999,46.639999,251236
2017/11/22,46.959999,46.959999,46.23,46.369999,46.369999,191283
2017/11/21,46.700001,47.18,46.48,46.990002,46.990002,612959
2017/11/20,45.599998,46.740002,45.5,46.48,46.48,212355
2017/11/19,45.849998,46.055,45.099998,45.84,45.84,472483
2017/11/16,46.650002,47.040001,46.029999,46.029999,46.029999,228492
2017/11/15,46.950001,47.099998,46.32,46.740002,46.740002,195237
2017/11/14,46.93,47.5,46.759998,47.07,47.07,238015
2017/11/13,46.959999,47.490002,46.59,46.790001,46.790001,229172
2017/11/12,46.75,47.869999,46.75,47.5,47.5,333794
2017/11/9,46.5,46.779999,45.91,46.529999,46.529999,285248
2017/11/8,48.299999,48.299999,46.07,46.43,46.43,688768
2017/11/7,47.759998,48.450001,47.529999,48.099998,48.099998,262195
2017/11/6,48.650002,48.860001,47.669998,48.07,48.07,786994
2017/11/5,47.599998,48.700001,47.599998,48.650002,48.650002,284959
2017/11/2,46.490002,47.560001,46.27,47.509998,47.509998,649504
2017/11/1,45,46.98,45,46.299999,46.299999,631603
2017/10/31,46.299999,47.02,43.66,45.23,45.23,1242649
2017/10/30,47,47.990002,46.560001,46.59,46.59,548529
2017/10/29,48.220001,48.220001,47.110001,47.169998,47.169998,333215
2017/10/26,48.349998,48.59,47.509998,48.43,48.43,203527
2017/10/25,47.75,48.790001,47.610001,48.43,48.43,314456
2017/10/24,48.860001,48.860001,47.560001,47.75,47.75,411032
2017/10/23,49.5,49.700001,49.23,49.23,49.23,330625
2017/10/22,49.599998,50,49.060001,49.77,49.77,439420
2017/10/19,49.540001,49.740002,49.369999,49.529999,49.529999,495073
2017/10/18,48.700001,49.57,48.080002,49.349998,49.349998,620627
2017/10/17,48.939999,49.27,47.68,47.700001,47.700001,451304
2017/10/16,49.27,49.650002,48.73,49.310001,49.310001,544161
2017/10/15,49.380001,49.709999,48.790001,49.240002,49.240002,421428
2017/10/12,48.150002,50.060001,48.029999,49.529999,49.529999,672417
2017/10/11,46.799999,48.02,46.700001,47.93,47.93,713913
2017/10/10,45.599998,46.790001,45.564999,46.790001,46.790001,386405
2017/10/9,45.040001,45.75,45.029999,45.380001,45.380001,238023
2017/10/8,45.16,46.080002,45.139999,45.5,45.5,276480
2017/10/5,46.040001,46.040001,45.220001,45.610001,45.610001,491210
2017/10/4,46.009998,46.400002,45.200001,45.43,45.43,325739
2017/10/3,47.099998,47.310001,45.860001,46.220001,46.220001,362466
2017/10/2,46.5,46.91,46.235001,46.91,46.91,400225
2017/10/1,46.07,47.040001,46.029999,46.599998,46.599998,399915
2017/9/29,45.970001,46.279999,45.310001,45.82,45.82,442083
2017/9/28,45.400002,46,45.07,45.799999,45.799999,569420
2017/9/27,43.77,45.02,43.759998,45.02,45.02,536655
2017/9/26,44.810001,44.880001,43.369999,43.82,43.82,462672
2017/9/25,44.23,45.060001,43.75,44.900002,44.900002,442742
2017/9/22,43.939999,44.27,43.25,44.200001,44.200001,425623
2017/9/21,43.900002,44.23,43.34,44.110001,44.110001,575657
2017/9/20,44.200001,44.41,44.040001,44.380001,44.380001,401770
2017/9/19,43.970001,44.330002,43.810001,43.990002,43.990002,327835
2017/9/18,43.5,43.970001,43.439999,43.77,43.77,367892
2017/9/15,41.200001,43.18,41.150002,43.049999,43.049999,906758
2017/9/14,40.610001,41.330002,40.049999,41.110001,41.110001,804837
2017/9/13,41.049999,41.259998,40.560001,40.650002,40.650002,627609
2017/9/12,42.439999,42.439999,41.009998,41.139999,41.139999,594719
2017/9/11,42.599998,42.849998,42.150002,42.240002,42.240002,362353
2017/9/8,42.400002,42.84,42.400002,42.84,42.84,348383
2017/9/7,42.419998,42.98,42.259998,42.580002,42.580002,371440
2017/9/6,42.619999,43.990002,42.055,42.150002,42.150002,513700
2017/9/5,42.580002,43.639999,42.580002,43.139999,43.139999,371751
2017/9/4,42.5,43.299999,42.32,43.02,43.02,708697
2017/9/1,43,43.490002,42.299999,42.470001,42.470001,554155
2017/8/31,42.889999,43.400002,42.52,43.150002,43.150002,439157
2017/8/30,43.77,44.080002,42.52,43,43,487293
2017/8/29,43.560001,44,43.220001,43.459999,43.459999,449142
2017/8/28,44.599998,44.689999,43.93,44.389999,44.389999,325958
2017/8/25,43.259998,44.619999,42.939999,44.619999,44.619999,445475
2017/8/24,42.799999,43.509998,42.529999,43.5,43.5,463827
2017/8/23,43.360001,43.419998,42.25,43.419998,43.419998,526578
2017/8/22,44.150002,44.740002,42.84,43.189999,43.189999,525067
2017/8/21,44.400002,44.900002,43.5,44.59,44.59,590182
2017/8/18,43.799999,45.18,42.57,44.970001,44.424801,936763
2017/8/17,45,45.41,43.185001,43.720001,43.189957,1129805
2017/8/16,42,44.5,40.799999,44.5,43.960499,2704135
2017/8/15,40,45.009998,39.5,41.5,40.996868,3537527
2017/8/14,52,53.32,50.82,51.110001,50.49036,398057
2017/8/11,50.060001,51.419998,50.049999,51.419998,50.7966,260886
2017/8/10,52.169998,52.25,51.09,51.880001,51.251026,512332
2017/8/9,52.349998,53.48,52.27,52.5,51.86351,246084
2017/8/8,53.75,53.84,52.75,53.119999,52.47599,275879
2017/8/7,53.509998,53.98,53.509998,53.75,53.098354,186344
2017/8/4,52.43,53.32,52.279999,53.220001,52.57478,165265
2017/8/3,52.439999,53.040001,52.189999,52.43,51.794357,141346
2017/8/2,53.02,53.349998,52.189999,52.860001,52.219143,157031
2017/8/1,53.099998,53.5,53.009998,53.139999,52.49575,247303
2017/7/31,53.099998,54.43,53.099998,53.310001,52.663689,212686
2017/7/28,54.369999,55.5,53.02,53.34,52.693325,305039
2017/7/27,54.82,55.599998,54.25,55.119999,54.451744,257386
2017/7/26,56.549999,56.68,54.435001,55,54.333199,806619
2017/7/25,57.5,58.119999,57.209999,58,57.296829,459058
2017/7/24,55.880001,56.959999,55.23,56.959999,56.269436,356856
2017/7/21,56,57.119999,55.900002,56.75,56.061985,306733
2017/7/20,55.700001,56.16,54.785,56.110001,55.429745,374514
2017/7/19,55.630001,55.799999,54.810001,55.389999,54.718472,204298
2017/7/18,56.619999,57.290001,55.060001,55.299999,54.629562,386219
2017/7/17,55,55.735001,54.41,55.5,54.827137,279867
2017/7/14,53.810001,56.09,53.5,56.09,55.409985,485551
2017/7/13,53.18,53.82,52.459999,53.790001,53.137871,300454
2017/7/12,52.5,52.740002,52.060001,52.5,51.86351,362258
2017/7/11,51.459999,52.610001,51.23,52.540001,51.903023,287624
2017/7/10,51.080002,52.150002,50.939999,51.450001,50.826241,196949
2017/7/7,51.349998,51.439999,50.689999,51.200001,50.579269,255813
2017/7/6,51.5,52.049999,51.279999,51.919998,51.290539,356598
2017/7/5,52,52.060001,51.23,51.490002,50.865757,402459
2017/7/4,51.310001,52.209999,51.259998,52.049999,51.418964,375032
2017/7/3,51.77,52.23,51.369999,51.419998,50.7966,745764
2017/6/30,52.799999,53.700001,52,52.080002,51.448601,507747
2017/6/29,54.57,54.869999,53.77,53.93,53.276173,282496
2017/6/28,53.009998,54.200001,53,54.200001,53.5429,256682
2017/6/27,53.599998,53.639999,52.75,52.98,52.337688,302568
2017/6/26,53.619999,53.900002,53.459999,53.59,52.940292,403378
2017/6/23,52.5,53.875,52.5,53.599998,52.950172,643794
2017/6/22,52.689999,53.169998,51.900002,52.599998,51.962296,705524
2017/6/21,54.650002,55.009998,54.435001,54.580002,53.918293,364317
2017/6/20,55.310001,55.619999,54.75,54.93,54.26405,272894
2017/6/19,54.970001,55.220001,54.59,55.169998,54.501137,288671
2017/6/16,53.869999,55,53.630001,54.880001,54.214657,366291
2017/6/15,52.869999,54.48,52.700001,53.860001,53.20702,585997
2017/6/14,53.419998,53.740002,52.919998,53,52.357449,553535
2017/6/13,54.689999,54.689999,53.380001,53.610001,52.960052,730640
2017/6/9,54.310001,56.07,54.299999,54.689999,54.026955,610386
2017/6/8,55.049999,55.18,54.169998,54.869999,54.204773,833359
2017/6/7,56.900002,57,56.009998,56.169998,55.489014,300416
2017/6/6,57.200001,57.529999,56.799999,56.950001,56.25956,316340
2017/6/5,57.27,58.345001,57.220001,57.48,56.783131,362293
2017/6/2,56.669998,57.700001,56.669998,57.209999,56.516407,562677
2017/6/1,57.169998,57.82,56.389999,56.900002,56.210167,833180
2017/5/31,57.689999,58.330002,57,57.470001,56.773254,510807
2017/5/30,58.700001,58.790001,56.84,58.380001,57.672222,401799
2017/5/29,60.18,60.189999,58.200001,59.189999,58.472401,1368959
2017/5/26,62.59,62.990002,61.509998,61.549999,60.803787,141695
2017/5/25,62.259998,62.549999,61.540001,61.779999,61.030998,221357
2017/5/24,62.240002,62.66,62.029999,62.27,61.51506,307818
2017/5/23,61.029999,62.875,61.029999,61.98,61.228577,165039
2017/5/22,61.360001,61.610001,60.77,61.02,60.280216,146668
2017/5/19,61.349998,61.869999,61.049999,61.349998,60.606213,141499
2017/5/18,60.73,61.799999,59.790001,61.66,60.912457,454698
2017/5/17,61,61.52,60.650002,60.73,59.993732,194508
2017/5/16,61.490002,62.240002,60.650002,61,60.260456,433499
2017/5/15,64.139999,64.260002,60.73,61.049999,60.309853,522590
2017/5/12,66.489998,66.589996,64.010002,64.260002,63.480938,445883
2017/5/11,64.599998,67.050003,64.580002,66.800003,65.990143,508105
2017/5/10,63.5,64.330002,62.41,64.330002,63.550087,293651
2017/5/9,61.639999,63.040001,61.599998,62.150002,61.396519,281962
2017/5/8,62.25,62.25,61.5,61.759998,61.011242,186432
2017/5/5,61.630001,62.110001,61.259998,61.5,60.754395,155706
2017/5/4,61.720001,62.009998,61.259998,61.689999,60.942093,197270
2017/5/3,61.5,62.18,61.330002,61.759998,61.011242,114501
2017/5/2,61.900002,61.93,61.07,61.700001,60.951973,137720
2017/5/1,61,61.709999,60.41,61.639999,60.892696,248848
2017/4/28,61.299999,62.23,60.970001,61.119999,60.379002,176422
2017/4/27,61.630001,62.139999,61.299999,61.419998,60.675365,161560
2017/4/26,61.5,62.41,61.279999,61.5,60.754395,173910
2017/4/24,61.200001,61.720001,60.380001,61.5,60.754395,163608
2017/4/21,61.990002,62.060001,60.75,61,60.260456,292113
2017/4/20,61.540001,61.57,60.73,60.830002,60.092522,122697
2017/4/19,61.32,61.860001,60.5,61.610001,60.863064,228521
2017/4/18,61.98,62.279999,60.82,61.279999,60.537064,553263
2017/4/13,61.77,62.52,61.740002,61.98,61.228577,485213
2017/4/12,61.900002,62.439999,61.450001,61.950001,61.19894,403395
2017/4/11,60.41,61.169998,60,61.16,60.418518,274848
2017/4/10,60,60.709999,60,60.119999,59.391125,276994
2017/4/7,59.02,60.25,59.02,60.119999,59.391125,307564
2017/4/6,57,59.669998,57,59.220001,58.502041,891568
2017/4/5,57.799999,58.240002,56.849998,57.25,56.55592,947068
2017/4/4,57.5,58.380001,57.5,57.82,57.119011,179521
2017/4/3,57.59,58.389999,57.59,58.220001,57.514164,188428
2017/3/30,58.599998,59.240002,57.950001,58.119999,57.415371,171888
2017/3/29,58.5,58.509998,57.740002,57.959999,57.257313,166841
2017/3/28,58.700001,58.720001,57.380001,58.049999,57.346222,374251
2017/3/27,57.400002,58.5,57.400002,58.5,57.790768,229489
2017/3/26,56.759998,57.049999,56.23,56.970001,56.279316,207594
2017/3/23,56.25,57.849998,56.240002,57.02,56.328709,303552
2017/3/22,54.580002,56.32,54.580002,56.150002,55.469257,165181
2017/3/21,53.299999,55.040001,53.200001,54.299999,53.641685,209228
2017/3/20,55,55.665001,54.66,54.759998,54.096107,233633
2017/3/19,55.900002,55.950001,55.139999,55.34,54.669079,222191
2017/3/16,55.32,56.419998,55.029999,56.369999,55.686588,308249
2017/3/15,54.869999,55.334999,54.349998,55.32,54.649319,423151
2017/3/14,54.150002,54.5,53.240002,54.5,53.83926,493978
2017/3/13,55.700001,55.799999,53.91,54.330002,53.671326,332409
2017/3/12,57.040001,57.139999,55.845001,56.07,55.390228,253942
2017/3/9,57.279999,57.599998,56.59,57.040001,56.348469,377337
2017/3/8,55.799999,57.290001,55.799999,57.27,56.57568,244335
2017/3/7,55.75,56.349998,55.25,55.889999,55.21241,297524
2017/3/6,55.599998,56.349998,55.259998,55.68,55.004955,325423
2017/3/5,56.009998,56.310001,55.259998,55.599998,54.925922,257337
2017/3/2,55.900002,56.299999,55.049999,56.02,55.340836,265163
2017/3/1,55.919998,56.93,55.700001,56.73,56.042225,408211
2017/2/28,55.799999,55.799999,55.130001,55.400002,54.728352,587475
2017/2/27,56.5,56.5,55.360001,55.700001,55.024715,539646
2017/2/26,56,56.41,55.860001,56.150002,55.469257,409144
2017/2/23,56.240002,56.889999,55.560001,56.080002,55.400108,577425
2017/2/22,56.049999,56.740002,54.68,56.599998,55.913799,454132
2017/2/21,55.599998,56.259998,55.07,55.709999,55.034592,485853
2017/2/20,54.950001,56.060001,54.799999,55.369999,54.698711,425522
2017/2/19,56.099998,56.310001,54.779999,55.009998,53.762486,418410
2017/2/16,58.200001,58.599998,54.919998,56.099998,54.827766,910592
2017/2/15,53.48,57.889999,52.599998,57.700001,56.391483,1494850
2017/2/14,63,63,52.18,53.560001,52.345371,2316070
2017/2/13,62.060001,63.419998,62.060001,62.540001,61.121727,537797
2017/2/12,60.5,61.889999,59.630001,61,59.61665,884584
2017/2/9,64,64.160004,62.950001,64.050003,62.597485,461008
2017/2/8,60,62.700001,60,62.580002,61.16082,502775
2017/2/7,59.150002,59.75,58.939999,59.5,58.150665,419507
2017/2/6,57.779999,59.57,57.610001,59.439999,58.092026,530542
2017/2/5,61.810001,61.810001,57.84,58.400002,57.075615,414088
2017/2/2,60,61.990002,59.779999,61.310001,59.919621,455399
2017/2/1,56.900002,59.889999,56.75,59.84,58.482956,694563
2017/1/31,59.5,59.650002,56.810001,57.040001,55.746456,581719
2017/1/30,60.610001,60.91,59.299999,59.450001,58.101799,344905
2017/1/29,61.18,61.360001,60.48,60.619999,59.245262,287810
2017/1/26,60.610001,62,59.880001,61.009998,59.626419,463943
2017/1/24,62.540001,62.66,60.439999,60.610001,59.235493,415723
2017/1/23,64,64.089996,62.369999,62.560001,61.141273,198809
2017/1/22,65.07,65.410004,63.720001,64,62.548615,171289
2017/1/19,64.800003,65.110001,64.459999,64.760002,63.291382,170692
2017/1/18,65.699997,65.75,64.650002,64.839996,63.369564,193475
2017/1/17,64.699997,65.489998,64.669998,65.330002,63.848457,212716
2017/1/16,66,66.025002,64.419998,65.010002,63.535713,192920
2017/1/15,66.5,66.779999,66.010002,66.209999,64.708496,118907
2017/1/12,66.379997,66.68,65.93,66.260002,64.757362,176462
2017/1/11,66.5,66.699997,65.790001,65.919998,64.425072,191415
2017/1/10,66.040001,66.790001,65.5,66.300003,64.796455,233324
2017/1/9,65.800003,66.660004,65.18,65.699997,64.210052,366483
2017/1/8,65,66.519997,64.849998,66.459999,64.952827,197372
2017/1/5,65.150002,65.360001,64.589996,64.610001,63.144783,143663
2017/1/4,64.800003,65.360001,64.199997,64.389999,62.929771,174882
2017/1/3,65.300003,65.529999,64.760002,65.089996,63.613895,156608
2017/1/2,64.989998,65.5,64.989998,65.349998,63.868,132953
2016/12/29,65.349998,65.5,64.839996,64.989998,63.516163,52799
2016/12/28,65.400002,65.574997,65.019997,65.269997,63.789814,151127
2016/12/27,64.779999,65.345001,64.5,65.199997,63.721401,119942
2016/12/22,65.699997,65.699997,64.139999,64.779999,63.310928,157896
2016/12/21,64.949997,65.900002,64.110001,65.699997,64.210052,245816
2016/12/20,64.959999,64.959999,63.689999,64.68,63.213196,176522
2016/12/19,63.220001,64.709999,62.5,64.410004,62.949322,318709
2016/12/18,62.68,63.099998,62.02,62.860001,61.434467,252226
2016/12/15,63.52,63.900002,61.700001,62.709999,61.287868,531160
2016/12/14,64.269997,65,63.450001,63.529999,62.089272,386683
2016/12/13,66.5,66.82,65.25,65.25,63.770271,325223
2016/12/12,66.510002,67.974998,65.43,65.5,64.014595,156047
2016/12/11,66.800003,69.199997,66.279999,66.410004,64.903961,406377
2016/12/8,66.860001,66.910004,65.029999,65.139999,63.662766,156764
2016/12/7,66,66.230003,65.099998,65.910004,64.415298,170497
2016/12/6,65.389999,65.949997,64.769997,65.519997,64.034134,155892
2016/12/5,65.769997,66.459999,64.669998,65.599998,64.112328,310017
2016/12/4,67.459999,67.660004,65.110001,65.18,63.701859,330598
2016/12/1,68.93,68.93,67.949997,67.949997,66.409035,275706
2016/11/30,67.970001,68.75,67.580002,68.639999,67.083389,258644
2016/11/29,68.18,68.300003,67.260002,67.779999,66.242897,321565
2016/11/28,68.730003,68.730003,67.959999,68.209999,66.663147,343894
2016/11/27,70.449997,70.449997,68.599998,68.790001,67.229988,205343
2016/11/24,70.639999,70.790001,70.169998,70.209999,68.617783,130488
2016/11/23,70.379997,70.699997,68.870003,70.129997,68.539597,357529
2016/11/22,69.550003,70.040001,68.620003,69.849998,68.265945,314500
2016/11/21,70.540001,70.559998,69.370003,69.699997,68.119347,247381
2016/11/20,69.800003,70.540001,68.620003,70.25,68.656876,369927
2016/11/17,68.870003,69.639999,68.139999,69.599998,68.021614,569780
2016/11/16,67.769997,68.169998,66.760002,68,66.457909,258182
2016/11/15,67.650002,67.739998,65.599998,66.400002,64.894188,386735
2016/11/14,67.5,68.300003,67.050003,67.650002,66.115845,239607
2016/11/13,68.860001,68.919998,67.220001,67.620003,66.086525,245247
2016/11/10,70.599998,70.720001,67.110001,68.449997,66.89769,545798
2016/11/9,72.599998,74.150002,69.610001,70.769997,69.165085,479632
2016/11/8,74,75,69.519997,71.360001,69.741699,597006
2016/11/7,70.489998,73.209999,69.550003,72.790001,71.139275,699061
2016/11/6,67,70.330002,66.419998,68.220001,66.67292,470502
2016/11/3,64.459999,66.43,64.07,66.300003,64.796455,539272
2016/11/2,60.5,65.610001,60,64.459999,62.998184,537608
2016/11/1,62.040001,62.639999,58,61.549999,60.154175,516062
2016/10/31,64.239998,64.239998,63.029999,63.599998,62.157684,228724
2016/10/30,64.379997,64.849998,63.77,64.25,62.792946,257256
2016/10/27,64.559998,65.059998,64,64.400002,62.939545,214517
2016/10/26,66,66,64.074997,64.559998,63.095913,212326
2016/10/25,66.07,66.07,64.849998,65.349998,63.868,219888
2016/10/24,65.050003,66.639999,65.050003,66.260002,64.757362,202690
2016/10/23,65.019997,65.379997,63.099998,65.040001,63.565033,252839
2016/10/20,66.790001,67.120003,65.699997,65.889999,64.395752,182294
2016/10/19,67.989998,68.019997,66.709999,66.779999,65.265572,290805
2016/10/18,67.199997,68.699997,67.099998,68.099998,66.555634,254716
2016/10/17,67.339996,67.5,66.540001,66.959999,65.44149,257342
2016/10/16,67,68.510002,66.510002,66.980003,65.461037,233869
2016/10/13,67.93,69.160004,67.559998,68.690002,67.132256,248148
2016/10/12,67.510002,68.199997,67.43,67.839996,66.301529,308437
2016/10/11,67.440002,67.660004,66.300003,67.510002,65.979019,231843
2016/10/10,69.050003,70,67.540001,67.720001,66.184258,344055
2016/10/9,69.860001,71.019997,68.599998,68.660004,67.102936,343547
2016/10/6,72.5,73.059998,69.625,69.739998,68.15844,704385
2016/10/5,71,72.089996,70.18,71.989998,70.357414,481554
2016/10/4,70,70.959999,69.870003,70.629997,69.028259,266145
2016/10/3,70.459999,70.800003,69.870003,70.169998,68.57869,263500
2016/10/2,70.389999,71.089996,68.940002,70.769997,69.165085,176673
2016/9/30,70.550003,71.160004,70.230003,70.32,68.725288,284024
2016/9/29,72,72,70.360001,70.849998,69.243271,186204
2016/9/28,70.489998,71.769997,70.349998,71.190002,69.575569,177966
2016/9/27,70.699997,70.699997,70.059998,70.209999,68.617783,261335
2016/9/26,71.5,72.139999,70.800003,71.489998,69.868752,147468
2016/9/23,72.529999,72.559998,70.150002,71.739998,70.113083,403110
2016/9/22,73,73.68,72.139999,72.220001,70.582199,172863
2016/9/21,71.919998,73.089996,71.779999,72.029999,70.396507,262871
2016/9/20,72.5,72.82,71.400002,71.620003,69.995811,240296
2016/9/19,73,73.209999,72.279999,72.559998,70.91449,28660
2016/9/16,71.099998,72.690002,70.5,72.690002,71.04155,221487
2016/9/15,70.779999,70.910004,69.900002,70.760002,69.155319,263205
2016/9/14,71.919998,71.919998,70.5,71.010002,69.399651,263492
2016/9/13,70.489998,72.220001,70.029999,72,70.367188,352994
2016/9/12,70.93,71.099998,69.5,69.720001,68.138901,303960
2016/9/9,72.099998,73.059998,71,72.300003,70.660393,230622
2016/9/8,73.959999,74.379997,72.25,72.419998,70.777664,184839
2016/9/7,73.309998,74.730003,73.019997,74.580002,72.88868,216324
2016/9/6,74.400002,74.650002,73.419998,73.540001,71.872269,180958
2016/9/5,74.050003,74.959999,73.75,74.199997,72.517296,90543
2016/9/2,74.389999,75.169998,73.93,74,72.321838,264227
2016/9/1,75.089996,75.580002,74.349998,74.470001,72.781174,266673
2016/8/31,76.889999,76.919998,75.169998,75.690002,73.973511,381328
2016/8/30,77.18,77.18,76.029999,77,75.253807,212560
2016/8/29,77,77.239998,75.379997,76.379997,74.647865,146535
2016/8/26,76.980003,77.169998,75.610001,76.379997,74.647865,113862
2016/8/25,76.959999,77.980003,76.440002,76.910004,75.165848,176738
2016/8/24,76.949997,76.949997,75.589996,76.370003,74.638092,162668
2016/8/23,76.760002,77.830002,76.580002,77.029999,75.283127,245680
2016/8/22,76.769997,78.629997,76.050003,76.330002,74.598999,194874
2016/8/19,76.980003,78.089996,75.919998,76.339996,74.115479,391093
2016/8/18,80.660004,80.690002,76.360001,77,74.756241,715641
2016/8/17,74.800003,80.330002,74.800003,80.099998,77.765915,585229
2016/8/16,76.400002,76.400002,71.809998,74.110001,71.950462,651373
2016/8/15,77.080002,77.860001,75.879997,76.980003,74.736824,317049
2016/8/12,75.800003,77.760002,75.57,76.910004,74.668877,242889
2016/8/11,74.07,75.5,74.07,75.370003,73.173752,301936
2016/8/10,74.699997,75.550003,74.029999,74.440002,72.270851,237790
2016/8/9,75.339996,75.839996,74.449997,74.900002,72.717445,182748
2016/8/8,75.379997,76.18,74.849998,75.25,73.057243,205465
2016/8/5,74.599998,77.32,74.510002,74.510002,72.338806,245203
2016/8/4,73.269997,74.889999,72.980003,74.230003,72.066971,220616
2016/8/3,73.199997,73.82,72.699997,72.870003,70.746597,256640
2016/8/2,75.089996,75.730003,73.400002,73.400002,71.261147,284105
2016/8/1,75.669998,76.629997,75.050003,75.110001,72.921326,134820
2016/7/29,74.699997,75.489998,74.230003,75.199997,73.00869,256034
2016/7/28,74.589996,74.970001,73.68,74.230003,72.066971,208763
2016/7/27,74.860001,75,73.410004,74.330002,72.164055,221274
2016/7/26,73.800003,74.889999,73.290001,74.610001,72.43589,228984
2016/7/25,72.379997,74.629997,72.379997,74.18,72.018417,234272
2016/7/22,71.339996,72.400002,71.300003,71.699997,69.61068,196907
2016/7/21,73.080002,73.349998,71.940002,72.449997,70.338829,318921
2016/7/20,72,74.800003,72,73.349998,71.212601,355975
2016/7/19,70.230003,72.07,69.834999,71.760002,69.668938,325084
2016/7/18,68.279999,70,68.199997,69.889999,67.853432,175228
2016/7/15,68.669998,68.720001,68.099998,68.269997,66.28064,135108
2016/7/14,67.879997,68.910004,67.580002,68.330002,66.33889,186335
2016/7/13,68.43,68.43,67.190002,67.470001,65.503944,176817
2016/7/12,68.849998,68.910004,68.029999,68.18,66.19326,294914
2016/7/11,68,68.760002,67.860001,68.330002,66.33889,281391
2016/7/8,66.970001,67.690002,66.684998,67.120003,65.164146,205278
2016/7/7,64.839996,67.110001,64.599998,66.730003,64.785515,430925
2016/7/6,65.279999,66.959999,63.880001,64.550003,62.669037,499828
2016/7/5,69.400002,69.400002,66.660004,67.32,65.358315,325140
2016/7/4,69,69.059998,66.839996,69.059998,67.047615,349723
2016/7/1,68.209999,69.43,67.839996,68.82,66.814613,251131
2016/6/30,68.5,68.660004,67.839996,68.129997,66.144707,386896
2016/6/29,68,68.239998,66.559998,67.800003,65.824333,285687
2016/6/28,68.510002,68.870003,66.5,67.110001,65.154434,478470
2016/6/27,66,67.57,64.620003,67.220001,65.261238,352893
2016/6/24,68.75,69.309998,66.040001,66.489998,64.552505,350321
2016/6/23,69.019997,69.43,68.669998,68.900002,66.892281,142175
2016/6/22,69.599998,69.790001,68.519997,69.160004,67.144707,267511
2016/6/21,67.269997,69.260002,67.269997,68.919998,66.91169,297427
2016/6/20,68.400002,68.589996,67.410004,68.050003,66.067047,275061
2016/6/17,68.449997,68.699997,67.25,67.870003,65.892288,453684
2016/6/16,68.699997,69.199997,68.160004,68.339996,66.348595,216283
2016/6/15,68.639999,69.709999,68.279999,68.379997,66.387428,269621
2016/6/14,68.970001,69.199997,68.110001,68.949997,66.940819,329725
2016/6/10,68.870003,69.800003,68.790001,68.970001,66.960243,234806
2016/6/9,69.860001,70.349998,68.75,69.230003,67.212669,364508
2016/6/8,67.419998,69.57,67,69.5,67.4748,415845
2016/6/7,67.769997,68.57,66.559998,67.360001,65.397156,347532
2016/6/6,66.519997,67.160004,66.169998,66.900002,64.950554,360452
2016/6/3,67.300003,68.199997,65.879997,66.830002,64.882599,529362
2016/6/2,68.93,69.129997,67.050003,67.050003,65.096191,570742
2016/6/1,68.690002,69.470001,67.190002,67.360001,65.397156,646787
2016/5/31,69.199997,70.5,68.220001,68.870003,66.863159,6958335
2016/5/30,69.029999,69.389999,68.360001,69.099998,67.086449,331820
2016/5/27,68.989998,69.589996,68.760002,68.949997,66.940819,303429
2016/5/26,69.459999,69.900002,68.199997,68.75,66.746651,371183
2016/5/25,69.989998,70.449997,69.269997,69.470001,67.445671,416914
2016/5/24,68.669998,69.839996,68.309998,69.190002,67.173828,515077
2016/5/23,70.629997,70.629997,68.489998,68.489998,66.494225,440375
2016/5/20,67.279999,70.82,67.190002,70.290001,68.241776,613171
2016/5/19,67.839996,68.150002,66.669998,67.019997,65.067055,335721
2016/5/18,67.760002,68.059998,66.470001,67.800003,65.824333,467146
2016/5/17,68.400002,68.669998,67.400002,68.230003,66.241798,239052
2016/5/16,68.400002,68.800003,67.669998,67.959999,65.979668,363542
2016/5/13,67.099998,68.690002,66.830002,68,66.018501,585263
2016/5/12,67.190002,67.839996,65.489998,66.169998,64.241821,269037
2016/5/11,66.779999,67.519997,65.830002,67.269997,65.309776,425843
2016/5/10,65.260002,66.07,64.779999,65.220001,63.319511,255138
2016/5/9,64.300003,65.199997,62.889999,65.199997,63.300087,367450
2016/5/6,63.27,64.510002,62,64.379997,62.503986,363922
2016/5/5,64.68,64.68,63.68,63.82,61.960308,285949
2016/5/4,64.75,66.330002,64.589996,64.690002,62.804955,341565
2016/5/3,62.880001,65.389999,62.810001,65.07,63.173885,315079
2016/5/2,62.279999,63.16,62.195,62.799999,60.970032,260174
2016/4/29,61,62.32,60.689999,62.009998,60.203049,183047
2016/4/28,62.259998,62.419998,61.150002,62.049999,60.241882,214852
2016/4/27,61.849998,62.540001,61.029999,61.759998,59.960331,308001
2016/4/26,61.970001,62.450001,60.650002,61.25,59.465195,316066
2016/4/22,62.939999,62.939999,61.299999,61.970001,60.164215,323311
2016/4/21,64.160004,64.410004,63.029999,63.380001,61.533131,296000
2016/4/20,63.66,65.029999,63.549999,63.84,61.979721,460137
2016/4/19,63.599998,63.599998,60.610001,63.060001,61.222454,544269
2016/4/18,60.700001,63.009998,60.700001,62.549999,60.72731,324141
2016/4/15,59.799999,60.610001,59.490002,60.529999,58.766174,311568
2016/4/14,59.990002,60.080002,58.91,59.48,57.746773,347130
2016/4/13,57.849998,60.470001,57.799999,59.810001,58.067158,493310
2016/4/12,56.360001,57.889999,55.84,57.560001,55.882721,409422
2016/4/11,56,56.459999,55.369999,56.439999,54.795353,311244
2016/4/8,55.240002,56.07,55.240002,55.849998,54.222549,224970
2016/4/7,56.16,56.34,55.290001,55.810001,54.183716,224811
2016/4/6,55.950001,56.389999,55.029999,55.939999,54.309925,283889
2016/4/5,56.23,57.18,55.759998,55.970001,54.339054,325910
2016/4/4,57,57.419998,56.41,56.41,54.766232,184739
2016/3/31,56.84,57.459999,56.75,56.970001,55.309917,195176
2016/3/30,57.32,58.169998,56.860001,57.48,55.805054,324613
2016/3/29,57.459999,57.799999,56.310001,56.529999,54.882732,312697
2016/3/28,56.299999,57.299999,56.299999,57.040001,55.377872,287165
2016/3/23,56.009998,56.720001,56.009998,56.299999,54.659439,215163
2016/3/22,57.790001,57.790001,56.09,56.130001,54.494392,314460
2016/3/21,57.099998,57.990002,57.055,57.810001,56.125439,225374
2016/3/20,57.139999,57.66,56.5,56.529999,54.882732,235259
2016/3/17,57.450001,57.84,56.700001,56.700001,55.047779,1379427
2016/3/16,57.130001,57.23,56.200001,56.82,55.164288,265875
2016/3/15,57.509998,58.099998,56.150002,56.330002,54.688564,248774
2016/3/14,58.73,58.740002,57.110001,57.18,55.513798,240416
2016/3/13,58.82,58.93,57.959999,58.57,56.863289,206028
2016/3/10,57.790001,58.470001,57.560001,58.029999,56.339024,315289
2016/3/9,56.919998,58.200001,56.889999,57.610001,55.931263,320592
2016/3/8,55.630001,56.869999,55.630001,56.310001,54.669144,517166
2016/3/7,56.860001,56.919998,55.41,55.810001,54.183716,247790
2016/3/6,56.349998,56.549999,55.695,56.389999,54.746815,615628
2016/3/3,58.68,58.860001,54.599998,55.25,53.640034,626668
2016/3/2,60.029999,60.18,58.360001,58.900002,57.183674,303553
2016/3/1,60,60.27,58.720001,59.82,58.076866,238297
2016/2/29,58.549999,59.525002,58.23,59.080002,57.358429,207459
2016/2/28,58.650002,59.880001,58.41,58.759998,57.047752,292731
2016/2/25,58.599998,58.720001,57.400002,58.189999,56.494362,340457
2016/2/24,61.029999,61.25,57.639999,58.259998,56.562325,368651
2016/2/23,60.099998,61.639999,60.09,60.77,58.56123,320502
2016/2/22,60.400002,61.25,59.84,60.25,58.060131,343422
2016/2/21,59.689999,61.139999,59.689999,60.150002,57.963768,305199
2016/2/18,60.740002,60.740002,58.77,59.630001,57.462666,380090
2016/2/17,57.669998,61.080002,56.470001,60.799999,58.590141,845184
2016/2/16,61,61.990002,54.485001,55.52,53.502048,854393
2016/2/15,52,52.419998,50.75,52.360001,50.456902,375719
2016/2/14,50.82,51.509998,50.299999,51.32,49.4547,381110
2016/2/11,49.98,50.810001,49.360001,50.099998,48.279041,379121
2016/2/10,50.369999,51.040001,49.5,50.799999,48.953602,397327
2016/2/9,51.25,52.18,49.310001,50.200001,48.375412,395091
2016/2/8,51.549999,52.279999,50.860001,51.310001,49.445068,553262
2016/2/7,51.970001,53.900002,50.349998,52.560001,50.649635,457168
2016/2/4,53.66,53.900002,48.540001,52.349998,50.447269,888797
2016/2/3,58.049999,58.099998,52.91,53.970001,52.008389,464123
2016/2/2,58.75,59.68,57.240002,57.349998,55.265533,304119
2016/2/1,60.650002,60.799999,59.259998,59.580002,57.414482,223035
2016/1/31,60.77,61.029999,59.830002,60.599998,58.397408,253394
2016/1/28,60.16,60.68,59.02,59.810001,57.636124,246526
2016/1/27,59.5,60.939999,58.689999,60.09,57.905941,340511
2016/1/26,59.889999,60.349998,59.080002,59.599998,57.433754,360964
2016/1/24,59.400002,60.110001,59.16,59.889999,57.713215,206398
2016/1/21,57.900002,58.740002,57.27,58.400002,56.27737,213735
2016/1/20,59,59.27,56.98,57.220001,55.140259,313542
2016/1/19,56.889999,58.599998,56.889999,57.93,55.824455,263948
2016/1/18,56.330002,57.34,56.060001,57.09,55.014984,256290
2016/1/17,54.689999,56.490002,54.689999,56.419998,54.369335,167289
2016/1/14,56.970001,57.459999,55.580002,55.580002,53.559872,254630
2016/1/13,55.080002,56.52,54.599998,56.09,54.051327,203628
2016/1/12,56.110001,56.759998,55.290001,56.400002,54.350063,181664
2016/1/11,56.720001,57.299999,55.830002,56,53.9646,241692
2016/1/10,56,56.57,55.32,56.41,54.359699,163620
2016/1/7,56.439999,57.990002,55.810001,56.77,54.706619,201574
2016/1/6,58.400002,58.75,56.849998,56.970001,54.899345,360620
2016/1/5,57.650002,58.470001,57.02,58.150002,56.036461,247115
2016/1/4,57.169998,58.77,56.779999,57.889999,55.785908,270032
2016/1/3,57.75,59.25,57.209999,57.669998,55.573902,305668
2015/12/30,57.5,59.889999,57.5,57.75,55.650997,187475
2015/12/29,60.560001,60.560001,55.610001,57.48,55.390808,299611
2015/12/28,56.900002,59.48,56.900002,59.34,57.183205,162677
2015/12/27,56.810001,56.810001,56.810001,56.810001,54.745163,0
2015/12/23,58,58,56.5,56.810001,54.745163,75368
2015/12/22,58.98,59.299999,57.029999,57.43,55.342628,120414
2015/12/21,58.639999,58.639999,56.779999,57.27,55.188442,128165
2015/12/20,56.189999,57.700001,56.189999,56.669998,54.610249,272714
2015/12/17,53.68,57.240002,53.5,56.939999,54.870434,573244
2015/12/16,53.43,55.459999,53.43,53.990002,52.027664,839688
2015/12/15,53,56.169998,53,53.439999,51.497646,690319
2015/12/14,50.259998,51.07,49.32,49.360001,47.565941,229849
2015/12/13,49.389999,50.599998,49.290001,50.029999,48.211586,174750
2015/12/10,49.689999,51.5,49.610001,50.369999,48.53923,205564
2015/12/9,49.740002,49.790001,48.939999,49.740002,47.932133,250301
2015/12/8,49.389999,50.630001,49.189999,49.77,47.961037,212877
2015/12/7,49.150002,50.139999,48.939999,49.689999,47.883945,227659
2015/12/6,50.639999,50.990002,49.330002,49.639999,47.835762,246225
2015/12/3,49.5,49.849998,48.939999,49.689999,47.883945,245268
2015/12/2,50.5,51.040001,50.27,50.450001,48.616322,265376
2015/12/1,50.75,51.400002,50.150002,50.830002,48.982513,199858
2015/11/30,49.970001,51.02,49.669998,50.810001,48.963242,375724
2015/11/29,49.619999,50.189999,49.380001,49.650002,47.845402,199948
2015/11/26,50,50.619999,49.41,49.619999,47.816486,183546
2015/11/25,49.439999,50.380001,49.27,49.450001,47.652672,191615
2015/11/24,49.25,49.610001,48.93,49.32,47.527397,195999
2015/11/23,49.110001,49.310001,48.599998,49.07,47.28648,280109
2015/11/22,48.200001,49.34,48.200001,49.34,47.546673,262379
2015/11/19,48.619999,48.689999,47.639999,48.450001,46.689018,281999
2015/11/18,47.139999,48.619999,46.799999,48.619999,46.852837,312724
2015/11/17,46.82,47.290001,46.080002,46.740002,45.041172,234457
2015/11/16,45.91,47.110001,45.43,47.110001,45.39772,234315
2015/11/15,44.900002,45.57,44.900002,45.23,43.586052,184322
2015/11/12,45.529999,46.18,44.759998,45.790001,44.125698,338281
2015/11/11,45.849998,46.18,45.790001,46.029999,44.356972,181713
2015/11/10,46,46.389999,45.779999,46.209999,44.53043,263728
2015/11/9,46.099998,46.450001,45.57,46.02,44.347336,383562
2015/11/8,47,47.799999,46.279999,46.349998,44.665344,315548
2015/11/5,47.16,48.189999,46.91,47.380001,45.657909,264734
2015/11/4,47.860001,48.18,46.189999,47.259998,45.542267,459207
2015/11/3,48,48.380001,47.27,47.650002,45.918098,256166
2015/11/2,47,47.950001,46.810001,47.889999,46.149372,402039
2015/11/1,47,47.150002,46.119999,46.419998,44.732796,186803
2015/10/29,46.41,47.040001,46.23,46.75,45.050804,153144
2015/10/28,47.299999,47.52,46.41,46.630001,44.935165,192390
2015/10/27,47.040001,47.290001,46.75,46.880001,45.176083,171064
2015/10/26,47.16,47.200001,46.509998,46.91,45.20499,454161
2015/10/25,46.709999,47.619999,46.66,47.32,45.60009,166669
2015/10/22,46.5,47.490002,46.200001,46.599998,44.906258,413326
2015/10/21,47.110001,47.110001,46.09,46.299999,44.617165,380854
2015/10/20,47.790001,47.84,46.84,47.580002,45.850643,416844
2015/10/19,47.860001,48.900002,47.650002,47.650002,45.918098,550209
2015/10/18,46.200001,47.860001,45.77,47.669998,45.937366,374527
2015/10/15,47.889999,47.970001,46.759998,47.029999,45.320629,534141
2015/10/14,43.200001,47.150002,43.200001,46.619999,44.925529,674448
2015/10/13,41,42.599998,41,42.52,40.974552,567935
2015/10/12,40.369999,40.68,39.630001,39.77,38.324505,177397
2015/10/11,40.779999,41.049999,40.330002,40.66,39.182152,180286
2015/10/8,40.98,41.189999,40.32,40.759998,39.278519,176057
2015/10/7,41.98,41.98,40.68,40.73,39.249607,122963
2015/10/6,41.98,41.98,41.029999,41.299999,39.798889,226440
2015/10/5,42.029999,42.540001,41.740002,41.860001,40.338539,219779
2015/10/4,40.619999,41.630001,40.619999,41.599998,40.087986,122581
2015/10/2,40.139999,40.900002,40.07,40.48,39.008698,115628
2015/10/1,40.150002,40.93,39.98,40.700001,39.220703,238020
2015/9/30,39.669998,40.369999,39.580002,40.240002,38.777424,192402
2015/9/29,39.849998,40.490002,39.549999,39.77,38.324505,339013
2015/9/28,39.470001,40.75,39.110001,40.75,39.268883,148407
2015/9/25,39.310001,39.630001,38.77,39.540001,38.102867,178861
2015/9/24,38.450001,39.18,38.240002,39.060001,37.640312,321634
2015/9/23,38.639999,39.139999,38.099998,38.169998,36.782658,193815
2015/9/22,39.349998,39.950001,38.900002,39.169998,37.746311,86924
2015/9/21,39.130001,39.330002,38.689999,38.790001,37.380127,305693
2015/9/18,39.040001,40.41,38.740002,40.110001,38.652149,201217
2015/9/17,39.41,39.490002,38.900002,39.150002,37.727043,215419
2015/9/16,38.509998,39.189999,38.419998,38.759998,37.351215,263913
2015/9/15,38.459999,38.98,37.650002,38.209999,36.821201,162116
2015/9/14,39.169998,39.189999,38.130001,38.610001,37.206669,158138
2015/9/11,39.099998,39.27,38.470001,38.610001,37.206669,145929
2015/9/10,38.75,39.439999,38.529999,39.169998,37.746311,220413
2015/9/9,39.66,40.27,39.419998,39.779999,38.334141,166263
2015/9/8,39.59,39.59,38.720001,39.459999,38.025772,244940
2015/9/7,38.560001,38.59,37.990002,38.439999,37.042843,127384
2015/9/4,37.599998,38.84,37.490002,38.560001,37.158485,226886
2015/9/3,38.810001,39.290001,37.459999,37.5,36.137012,285855
2015/9/2,39.400002,39.400002,38.189999,38.84,37.428307,292207
2015/9/1,39.419998,40.849998,39.419998,39.860001,38.411236,353408
2015/8/31,39.77,40.419998,39.23,39.650002,38.20887,157668
2015/8/28,40.689999,40.990002,39.540001,40.07,38.613598,291828
2015/8/27,39.799999,41.099998,39.799999,40.290001,38.8256,215150
2015/8/26,38.82,40.119999,38.799999,39.599998,38.160683,189427
2015/8/25,38,40.200001,37.049999,39.98,38.526871,578978
2015/8/24,39.18,39.779999,38.619999,39.189999,37.765583,405884
2015/8/21,40.16,40.689999,39.59,40.049999,38.594322,300109
2015/8/20,41.080002,42.060001,41.080002,41.259998,39.385902,179230
2015/8/19,42.279999,42.349998,41.700001,42.07,40.159107,145152
2015/8/18,42.040001,42.849998,41.439999,42.279999,40.35957,261335
2015/8/17,41.240002,42.490002,41.240002,41.82,39.920464,121560
2015/8/14,42,42.060001,40.32,41.200001,39.328629,221601
2015/8/13,42.259998,42.66,41.060001,41.130001,39.261806,471923
2015/8/12,40.5,42.490002,40.470001,42.299999,40.378658,604281
2015/8/11,40.5,41.59,37.43,41.07,39.204533,1248215
2015/8/10,41.150002,41.389999,40.959999,41.150002,39.280899,314880
2015/8/7,41.25,41.799999,40.970001,41.200001,39.328629,207725
2015/8/6,41.549999,42.669998,41.52,41.709999,39.815464,210839
2015/8/5,41.529999,43.299999,40.849998,41.27,39.395447,348683
2015/8/4,40.02,41.490002,40.02,41.419998,39.538635,301254
2015/8/3,40.650002,40.709999,39.889999,40.02,38.202225,168982
2015/7/31,39.169998,40.59,39.049999,40.459999,38.622238,203159
2015/7/30,38.599998,39.080002,38.310001,39.009998,37.238098,178108
2015/7/29,39.25,39.25,38.119999,38.209999,36.47443,202688
2015/7/28,38.810001,39.23,38.060001,38.639999,36.884907,179148
2015/7/27,39.389999,39.424999,38.650002,39.209999,37.429016,128759
2015/7/24,40.02,40.189999,39.209999,39.540001,37.744026,118023
2015/7/23,39.27,40.330002,39.259998,40.040001,38.221321,160052
2015/7/22,40.130001,40.200001,39,39.18,37.400379,231364
2015/7/21,40.560001,40.639999,39.700001,40.169998,38.345409,169461
2015/7/20,39.68,40.200001,39.459999,40.060001,38.240406,108445
2015/7/17,39.380001,39.790001,39.009998,39.549999,37.753571,168285
2015/7/16,39.599998,39.880001,38.529999,38.860001,37.094913,200720
2015/7/15,38.650002,39.639999,38.59,38.939999,37.171276,249842
2015/7/14,38.709999,38.990002,38.389999,38.630001,36.875366,191422
2015/7/13,37.700001,38.68,37.5,38.119999,36.388527,181008
2015/7/10,38.200001,38.66,37.25,37.490002,35.787144,153053
2015/7/9,37.689999,38.349998,36.82,37.830002,36.111702,182025
2015/7/8,38.240002,39,37.919998,37.919998,36.197605,226123
2015/7/7,37.27,38.450001,37.139999,38.41,36.665356,281259
2015/7/6,37.16,37.700001,36.330002,37.130001,35.443493,156304
2015/7/3,37.900002,37.91,37.009998,37.709999,35.997147,851767
2015/7/2,37,38.16,37,38.049999,36.321705,344625
2015/7/1,35.43,36.900002,35.43,36.880001,35.204849,250756
2015/6/30,35.110001,35.75,34.610001,35.689999,34.068901,264460
2015/6/29,35.650002,35.709999,34.650002,35,33.41024,220424
2015/6/26,36.599998,36.709999,35.75,36.16,34.517551,211937
2015/6/25,37.240002,37.240002,36.619999,36.939999,35.262123,97350
2015/6/24,37.880001,38.490002,36.939999,37,35.319397,294613
2015/6/23,36.759998,37.880001,36.759998,37.779999,36.063965,218189
2015/6/22,36.490002,37.310001,36.25,36.900002,35.223942,184041
2015/6/19,37.27,38.029999,35.540001,36.439999,34.784832,1349979
2015/6/18,37.23,37.700001,36.790001,37,35.319397,359076
2015/6/17,37,38.099998,36.91,37.330002,35.634407,312403
2015/6/16,36.400002,36.970001,36.330002,36.610001,34.947109,232683
2015/6/15,36,36.450001,35.845001,36.380001,34.727558,230949
2015/6/12,36.099998,36.610001,35.869999,35.98,34.34573,302720
2015/6/11,35.639999,36.889999,35.630001,36.490002,34.832569,307257
2015/6/10,35.200001,35.73,34.869999,35.450001,33.839798,226359
2015/6/9,34.650002,35.84,34.599998,34.939999,33.352962,230141
2015/6/5,34.119999,35.029999,33.799999,34.650002,33.076138,336138
2015/6/4,36.470001,36.470001,34.369999,34.580002,33.009315,413220
2015/6/3,37,37.709999,36.25,36.290001,34.641644,274412
2015/6/2,38.860001,39,37.130001,37.169998,35.481674,220319
2015/6/1,38.610001,39.16,38.07,38.860001,37.094913,220760
2015/5/29,38.389999,39.200001,38.389999,38.709999,36.951721,173253
2015/5/28,38.439999,38.75,37.889999,38.349998,36.608078,119994
2015/5/27,38.470001,38.939999,38.209999,38.25,36.512623,126489
2015/5/26,39.16,39.439999,38.584999,38.75,36.989906,101109
2015/5/25,39.130001,39.52,38.59,39.09,37.314468,191991
2015/5/22,39.060001,39.639999,38.779999,38.939999,37.171276,183772
2015/5/21,37.459999,39.110001,37.459999,38.880001,37.114006,230105
2015/5/20,36.639999,37.599998,36.5,37.41,35.710773,125955
2015/5/19,36.400002,37.43,35.860001,36.91,35.233486,242818
2015/5/18,37.799999,37.91,36.459999,36.459999,34.803925,269869
2015/5/15,39,39.009998,37.549999,37.830002,36.111702,273151
2015/5/14,39.34,39.48,38.419998,38.689999,36.932629,333762
2015/5/13,40,40,39.200001,39.619999,37.820393,184775
2015/5/12,39.639999,40.5,39.639999,40.02,38.202225,337069
2015/5/11,40,40.98,39,39.57,37.772667,210883
2015/5/8,37.990002,39.57,37.990002,38.610001,36.85627,185283
2015/5/7,38.5,39.110001,36.849998,37.990002,36.264431,429896
2015/5/6,40.5,40.5,38.369999,39.959999,38.144947,349133
2015/5/5,38.5,41.639999,38.5,41.259998,39.385902,461179
2015/5/4,36.790001,38.049999,36.790001,37.950001,36.226242,256334
2015/5/1,36.400002,36.900002,36.049999,36.75,35.08075,152851
2015/4/30,37,37.990002,36.470001,36.630001,34.966206,256882
2015/4/29,38.09,38.57,37.5,37.580002,35.873055,132267
2015/4/28,37.860001,38.220001,37.700001,37.98,36.254879,127100
2015/4/27,37.099998,38.09,37.099998,37.75,36.035328,225114
2015/4/24,36.34,37.130001,36.34,36.939999,35.262123,144808
2015/4/23,35.959999,36.220001,35.5,36.02,34.383911,127775
2015/4/22,35.900002,36.599998,35.799999,35.939999,34.307549,140729
2015/4/21,35.299999,35.919998,35.299999,35.91,34.278912,111154
2015/4/20,35.139999,35.369999,34.689999,35.049999,33.457966,122376
2015/4/17,36.41,36.740002,35.060001,35.189999,33.591606,125541
2015/4/16,36.470001,36.84,36.259998,36.41,34.756195,79821
2015/4/15,36.830002,36.939999,35.639999,36.09,34.450729,128651
2015/4/14,36.849998,37.110001,36.509998,36.82,35.147568,68769
2015/4/13,37.32,37.849998,36.849998,37.040001,35.357582,93905
2015/4/10,37.5,37.599998,37.099998,37.25,35.558041,59690
2015/4/9,37.279999,37.709999,37.049999,37.060001,35.376675,91394
2015/4/8,36.619999,37.450001,36.619999,37.41,35.710773,127282
2015/4/7,37,37.310001,36.16,36.400002,34.746651,118865
2015/4/1,36.970001,37.57,36.82,37,35.319397,138259
2015/3/31,37.400002,37.5,36.509998,37.049999,35.367123,262886
2015/3/30,36.290001,37.549999,36.290001,37.169998,35.481674,393414
2015/3/29,35.759998,36.240002,35.34,36.099998,34.460274,355886
2015/3/26,35.599998,36.02,35.119999,35.939999,34.307549,202784
2015/3/25,36.099998,36.099998,35.200001,35.240002,33.639343,131193
2015/3/24,36.349998,36.450001,35.900002,36.220001,34.574829,172919
2015/3/23,35.389999,36.400002,35.220001,36.099998,34.460274,223356
2015/3/22,35.810001,36.445,35.119999,35.400002,33.792076,164968
2015/3/19,35.650002,36.599998,35.650002,36.189999,34.546188,257287
2015/3/18,35.299999,35.650002,35.150002,35.610001,33.992531,236328
2015/3/17,35.740002,36.060001,35.139999,35.560001,33.944805,107660
2015/3/16,36.259998,36.759998,35.98,36.080002,34.441189,120368
2015/3/15,35.25,36.419998,35.119999,35.830002,34.202541,80857
2015/3/12,36.490002,36.490002,35.27,35.470001,33.858894,123153
2015/3/11,35.330002,37.220001,35.330002,36.73,35.061665,157053
2015/3/10,35.450001,35.5,34.75,35.380001,33.77298,100171
2015/3/9,35.150002,36.365002,35.150002,35.799999,34.173904,208093
2015/3/8,34.709999,35.200001,34.610001,34.880001,33.295689,206497
2015/3/5,36.380001,36.57,35.18,35.599998,33.982986,180923
2015/3/4,36.450001,36.77,36.099998,36.25,34.603466,183475
2015/3/3,36.759998,37.18,36.16,36.18,34.536644,187214
2015/3/2,37,37.715,36.200001,36.490002,34.832569,192226
2015/3/1,35,37.040001,34.93,36.560001,34.899387,315424
2015/2/26,34.5,35.110001,34.119999,34.93,33.343422,252197
2015/2/25,34.759998,34.810001,33.790001,34.5,32.932953,220957
2015/2/24,35.029999,35.25,34.005001,34.759998,33.181141,284905
2015/2/23,34.049999,34.860001,33.93,34.75,33.171597,249852
2015/2/22,34.599998,34.599998,34,34.18,32.627487,203599
2015/2/19,35.200001,35.200001,34.169998,34.470001,32.904316,243783
2015/2/18,35.5,35.5,34.369999,34.599998,33.028408,257516
2015/2/17,35.900002,36,35.009998,35.549999,33.599796,407587
2015/2/16,35.830002,36.740002,35.25,35.919998,33.949501,419042
2015/2/15,34.259998,36.139999,34.189999,35.889999,33.921143,444011
2015/2/12,33.200001,34.790001,32.970001,34.299999,32.418365,422062
2015/2/11,32.700001,33.18,31.6,32.700001,30.906137,548167
2015/2/10,32.5,33.41,31,33,31.189686,872778
2015/2/9,26.84,27.59,26.82,27.23,25.736214,246649
2015/2/8,26.98,26.98,26.58,26.700001,25.235291,245893
2015/2/5,27.57,27.75,26.950001,27.059999,25.575541,153403
2015/2/4,26.950001,27.6,26.950001,27.34,25.840179,204238
2015/2/3,26.76,27.59,26.76,26.860001,25.386513,210097
2015/2/2,26.34,27.16,26.33,26.76,25.291998,267904
2015/2/1,26.25,26.41,26.01,26.120001,24.687109,135348
2015/1/29,25.690001,26.51,25.67,26.24,24.800524,307359
2015/1/28,25.75,25.790001,25.33,25.5,24.101116,179448
2015/1/27,25.1,26.030001,25.049999,25.790001,24.37521,142411
2015/1/26,24.879999,25.42,24.66,25.41,24.016058,203730
2015/1/22,24.889999,24.91,24.559999,24.879999,23.515133,160267
2015/1/21,24.6,24.73,24.379999,24.52,23.174881,209613
2015/1/20,24.66,24.98,24.525,24.6,23.250492,181021
2015/1/19,24.4,24.700001,24.219999,24.59,23.241037,118115
2015/1/18,24.709999,24.879999,24.32,24.48,23.137074,113036
2015/1/15,24.129999,24.83,24.110001,24.469999,23.127623,182166
2015/1/14,24.540001,24.879999,24.48,24.5,23.155975,182839
2015/1/13,24.940001,25.200001,24.5,24.549999,23.203232,173670
2015/1/12,24.91,25.264999,24.799999,24.92,23.552937,120573
2015/1/11,25.040001,25.42,24.905001,25.24,23.855383,80311
2015/1/8,24.799999,25.85,24.469999,25.51,24.110571,101601
2015/1/7,25,25.09,24.309999,24.51,23.165426,144188
2015/1/6,24.719999,24.959999,24.450001,24.790001,23.430067,92457
2015/1/5,24.58,25.030001,24.5,24.76,23.401716,139509
2015/1/4,24.99,25.209999,24.540001,25,23.62855,111246
2015/1/1,25.200001,25.379999,24.92,25.23,23.845932,67685
2014/12/30,25.27,25.51,25.07,25.200001,23.817575,57766
2014/12/29,26.059999,26.059999,25.5,25.52,24.120024,105942
2014/12/28,25.23,26.15,25.23,26.02,24.59259,91386
2014/12/23,25.360001,25.549999,25.07,25.23,23.845932,53636
2014/12/22,26,26,25.110001,25.610001,24.205084,157117
2014/12/21,24.700001,26.01,24.700001,26.01,24.583139,292197
2014/12/18,24.01,24.58,23.690001,24.42,23.080364,224672
2014/12/17,24.27,24.77,23.51,23.549999,22.258091,339804
2014/12/16,24.309999,24.6,23.84,24.299999,22.966948,167713
2014/12/15,23.799999,24.51,23.73,24.459999,23.11817,285886
2014/12/14,23.23,24.1,23.190001,23.879999,22.569986,167349
2014/12/11,23.6,24.389999,23.43,23.809999,22.50383,225931
2014/12/10,23.15,23.76,23.08,23.5,22.210835,242065
2014/12/9,23.75,24.15,22.74,23.98,22.664501,324223
2014/12/8,24.85,25.129999,23.889999,24.09,22.768469,226527
2014/12/7,25.4,25.57,24.92,24.99,23.619097,173276
2014/12/4,25.860001,25.940001,25.200001,25.309999,23.921539,232332
2014/12/3,25.690001,25.959999,25.139999,25.940001,24.516985,378019
2014/12/2,23.74,25.16,23.719999,25.040001,23.666353,310542
2014/12/1,24,24.42,23.49,24.02,22.702309,311985
2014/11/30,24.5,24.969999,23.85,23.950001,22.636148,443951
2014/11/27,24.08,25.09,21.299999,24.5,23.155975,500674
2014/11/26,25.92,26.1,24.370001,24.379999,23.042559,343824
2014/11/25,25.15,26.190001,25.09,25.950001,24.526434,209927
2014/11/24,25.58,25.700001,25.1,25.379999,23.987698,175088
2014/11/23,25.200001,26.565001,25.200001,25.58,24.176729,215095
2014/11/20,25.940001,25.959999,24.58,25.08,23.704159,340681
2014/11/19,25.98,26.09,25.290001,25.879999,24.460274,253611
2014/11/18,26.719999,26.719999,25.91,26.290001,24.847782,95286
2014/11/17,26.940001,26.98,26.530001,26.870001,25.395964,68447
2014/11/16,27.690001,27.74,26.790001,26.870001,25.395964,123436
2014/11/13,26.98,27.530001,26.92,27.49,25.981949,159229
2014/11/12,27.209999,27.25,26.780001,26.940001,25.462124,104661
2014/11/11,26.99,27.360001,26.98,27.17,25.679506,138911
2014/11/10,27.200001,27.219999,26.84,26.84,25.367607,180220
2014/11/9,27.77,27.85,27.01,27.030001,25.547186,179183
2014/11/6,28.09,28.09,27.559999,27.68,26.161528,186525
2014/11/5,27.91,28.16,27.700001,27.700001,26.180431,350616
2014/11/4,27.83,27.98,27.629999,27.68,26.161528,239816
2014/11/3,27.16,27.860001,27.16,27.75,26.227688,352300
2014/11/2,26.85,27.41,26.83,27.1,25.613346,298316
2014/10/30,26.950001,27.440001,26.93,27.08,25.59444,268566
2014/10/29,26.700001,26.85,26.370001,26.700001,25.235291,694484
2014/10/28,27.75,28.33,26.440001,26.530001,25.074617,999058
2014/10/27,28.959999,28.969999,28.27,28.27,26.719162,341927
2014/10/26,29.08,29.370001,28.780001,28.959999,27.371307,232595
2014/10/23,29.290001,29.41,28.889999,28.99,27.399664,165951
2014/10/22,28.98,29.190001,28.76,29,27.409115,139741
2014/10/21,28.459999,29.35,28.32,29.030001,27.437468,288267
2014/10/20,28.200001,28.25,27.92,28,26.463974,239961
2014/10/19,27.42,29,27.42,27.780001,26.256039,526607
2014/10/16,26.92,27.379999,26.780001,27,25.518833,303671
2014/10/15,25.99,26.860001,25.5,26.799999,25.329802,436251
2014/10/14,25.43,25.76,25.16,25.6,24.195631,154251
2014/10/13,25.1,25.549999,24.969999,25.48,24.082214,181239
2014/10/12,24.25,25.879999,24.17,25.48,24.082214,272634
2014/10/9,24.969999,24.969999,24.25,24.77,23.411165,286431
2014/10/8,25.6,25.9,25.08,25.67,24.261793,174112
2014/10/7,25.950001,26.200001,25.299999,25.389999,23.99715,279589
2014/10/6,27.27,27.370001,26.059999,26.51,25.055712,178875
2014/10/5,26.940001,27.24,26.549999,27.120001,25.632252,49210
2014/10/3,26.84,27.08,26.540001,27,25.518833,102491
2014/10/2,26.58,27.120001,26.469999,26.969999,25.490477,139815
2014/10/1,25.85,27.389999,25.66,27.17,25.679506,210438
2014/9/30,26.030001,26.370001,25.58,26.23,24.791073,136611
2014/9/29,26.110001,26.299999,25.809999,26.049999,24.620947,148736
2014/9/26,26.469999,26.610001,26.120001,26.58,25.121874,119290
2014/9/25,26.879999,27.209999,26.52,26.91,25.433767,164639
2014/9/24,27.440001,27.440001,26.67,26.879999,25.405413,183019
2014/9/23,26.73,27.530001,26.66,27.530001,26.019756,256998
2014/9/22,25.809999,27.139999,25.809999,26.6,25.140772,244758
2014/9/19,25.280001,25.77,25.190001,25.77,24.356306,129371
2014/9/18,25.219999,25.32,24.92,25.209999,23.827024,124823
2014/9/17,24.9,25.299999,24.790001,25.059999,23.685257,131256
2014/9/16,25.200001,25.299999,24.73,24.799999,23.439518,177799
2014/9/15,25.040001,25.33,25,25.33,23.940443,192823
2014/9/12,25.26,25.540001,25.049999,25.280001,23.893187,193390
2014/9/11,25.5,26,25.24,25.33,23.940443,225730
2014/9/10,25.200001,25.440001,24.809999,25.43,24.034958,245347
2014/9/9,25.24,25.25,25.040001,25.200001,23.817575,137234
2014/9/8,25.5,25.5,25.07,25.280001,23.893187,127164
2014/9/5,25.74,25.84,25.370001,25.42,24.025507,104348
2014/9/4,25.5,25.9,25.5,25.799999,24.384659,120872
2014/9/3,25.870001,25.99,25.76,25.92,24.498075,115177
2014/9/2,25.5,25.975,25.200001,25.879999,24.460274,204727
2014/9/1,25.83,26,25.6,25.6,24.195631,247090
2014/8/29,25.66,25.799999,25.35,25.629999,24.223988,126690
2014/8/28,25.5,25.629999,25.200001,25.5,24.101116,102824
2014/8/27,25.26,25.780001,25.219999,25.66,24.252338,177312
2014/8/26,25.719999,25.83,25.120001,25.190001,23.808125,155879
2014/8/25,25.59,25.93,25.41,25.59,24.186184,203713
2014/8/22,26.030001,26.09,25.35,25.6,24.195631,505529
2014/8/21,25.85,26.209999,25.709999,26.09,24.40221,347393
2014/8/20,25.5,25.66,25.08,25.5,23.850382,177301
2014/8/19,25.5,25.610001,25.26,25.34,23.700733,602035
2014/8/18,24.780001,25.42,24.780001,25.280001,23.644613,344090
2014/8/15,24.1,24.799999,24.040001,24.780001,23.17696,400541
2014/8/14,23.700001,24.18,23.700001,23.98,22.428709,284973
2014/8/13,23.99,24.280001,23.469999,23.65,22.12006,605285
2014/8/12,21.73,23.58,21.549999,23.389999,21.876877,744443
2014/8/11,20.51,20.76,20.08,20.610001,19.27672,385050
2014/8/8,20.91,21.15,20.450001,20.5,19.173836,296147
2014/8/7,20.799999,21.040001,20.77,21.040001,19.678902,321402
2014/8/6,20.75,20.84,20.65,20.75,19.407661,105823
2014/8/5,21.1,21.219999,20.82,20.870001,19.519901,162987
2014/8/4,21.200001,21.34,21.040001,21.1,19.735022,88348
2014/8/1,21.09,21.33,21.059999,21.24,19.865963,257538
2014/7/31,21.49,21.75,21.459999,21.58,20.183971,62095
2014/7/30,21.639999,22.01,21.450001,21.48,20.090437,159591
2014/7/29,21.110001,21.67,21.1,21.540001,20.146557,162964
2014/7/28,20.91,21.17,20.889999,21.110001,19.744373,158235
2014/7/25,20.73,21.01,20.559999,20.91,19.557312,279691
2014/7/24,20.610001,20.860001,20.540001,20.83,19.482485,143662
2014/7/23,20.75,21.030001,20.49,20.52,19.192541,211227
2014/7/22,20.540001,20.709999,20.43,20.709999,19.370249,181140
2014/7/21,20.76,20.870001,20.59,20.59,19.258013,171218
2014/7/18,20.959999,20.969999,20.51,20.780001,19.435722,172812
2014/7/17,21.700001,21.700001,21.030001,21.049999,19.688253,203565
2014/7/16,21.360001,21.450001,21.08,21.200001,19.82855,93538
2014/7/15,21.6,21.629999,21.360001,21.41,20.024965,83804
2014/7/14,21.48,21.48,21.32,21.360001,19.978201,100604
2014/7/11,21.4,21.6,21.25,21.48,20.090437,73076
2014/7/10,21.4,21.9,21.389999,21.66,20.258793,194088
2014/7/9,21.76,21.76,21.139999,21.32,19.940788,137437
2014/7/8,22.02,22.360001,21.719999,22.1,20.670328,161679
2014/7/7,22.74,22.879999,22,22.02,20.595507,153604
2014/7/4,22.559999,22.690001,22.440001,22.59,21.128632,113127
2014/7/3,21.9,22.98,21.76,22.41,20.960278,189073
2014/7/2,22.139999,22.629999,22.120001,22.559999,21.100571,165082
2014/7/1,21.450001,22.209999,21.450001,22,20.576799,193045
2014/6/30,21.82,21.860001,21.459999,21.459999,20.07173,86149
2014/6/27,22.030001,22.184999,21.799999,21.82,20.408442,206022
2014/6/26,21.110001,22.139999,21.049999,22.01,20.586155,207522
2014/6/25,20.879999,21.15,20.43,21.110001,19.744373,103398
2014/6/24,20.84,21.040001,20.6,21.01,19.650845,196028
2014/6/23,20.559999,21.09,20.4,20.9,19.54796,134024
2014/6/20,20.76,20.93,20.6,20.790001,19.445076,97162
2014/6/19,20.9,21.07,20.82,20.93,19.576017,258654
2014/6/18,20.370001,20.950001,20.32,20.77,19.426373,113898
2014/6/17,19.85,20.440001,19.65,20.299999,18.986771,112899
2014/6/16,19.799999,20,19.74,19.940001,18.650063,104279
2014/6/13,19.780001,19.959999,19.65,19.940001,18.650063,235364
2014/6/12,19.98,20.190001,19.799999,20.09,18.790358,153404
2014/6/11,20.09,20.48,19.940001,20.25,18.940008,119180
2014/6/10,20.219999,20.49,20.049999,20.26,18.949362,199439
2014/6/6,20.08,20.5,19.940001,20.219999,18.911947,110130
2014/6/5,20.440001,20.440001,19.82,20.200001,18.893242,217343
2014/6/4,20.450001,20.559999,20.35,20.450001,19.127069,111435
2014/6/3,21.16,21.17,20.360001,20.450001,19.127069,228340
2014/6/2,21.120001,21.32,21.049999,21.15,19.781786,148111
2014/5/30,21.200001,21.559999,21.030001,21.049999,19.688253,296195
2014/5/29,20.719999,21.290001,20.719999,21.08,19.716316,276600
2014/5/28,20.9,20.9,20.379999,20.77,19.426373,121682
2014/5/27,20.540001,20.870001,20.290001,20.790001,19.445076,155273
2014/5/26,20.200001,20.57,20.030001,20.52,19.192541,114244
2014/5/23,19.82,20.459999,19.68,20.139999,18.837122,193213
2014/5/22,19.1,19.855,19.08,19.790001,18.509766,193765
2014/5/21,19.01,19.15,18.629999,18.969999,17.742815,246139
2014/5/20,18.98,19.450001,18.93,19.139999,17.901814,165372
2014/5/19,19.57,19.57,18.815001,18.93,17.705399,148951
2014/5/16,19.450001,19.59,19.26,19.530001,18.266588,98003
2014/5/15,19.620001,19.76,19.440001,19.610001,18.34141,108709
2014/5/14,19.450001,19.9,19.379999,19.780001,18.500414,198458
2014/5/13,18.82,19.25,18.799999,19.23,17.985992,236029
2014/5/12,18.59,19.27,18.549999,18.690001,17.480928,279289
2014/5/9,19.16,19.200001,18.620001,18.65,17.443512,264007
2014/5/8,19.290001,19.370001,19.16,19.27,18.023405,81839
2014/5/7,19.59,19.59,19.200001,19.379999,18.126286,72208
2014/5/6,19.4,19.799999,19.379999,19.6,18.332058,84398
2014/5/5,19.690001,19.84,19.129999,19.34,18.088877,88631
2014/5/2,19.809999,19.9,19.33,19.629999,18.360119,98207
2014/5/1,20,20.129999,19.51,19.809999,18.528471,142934
2014/4/30,19.700001,19.9,19.57,19.799999,18.519119,95061
2014/4/29,20.5,20.52,19.040001,19.549999,18.285292,289953
2014/4/28,20.639999,20.639999,19.99,20.190001,18.88389,126925
2014/4/24,20.809999,21.059999,20.26,20.639999,19.304781,165422
2014/4/23,20.15,20.82,19.98,20.67,19.332836,342476
2014/4/22,19.75,19.959999,19.66,19.860001,18.575237,94547
2014/4/17,19.83,19.83,19.5,19.75,18.472353,85346
2014/4/16,19.76,19.85,19.405001,19.6,18.332058,161621
2014/4/15,19.15,19.889999,19.15,19.700001,18.425589,289129
2014/4/14,19.59,19.799999,19.02,19.02,17.789579,187395
2014/4/11,19.790001,19.790001,19.35,19.59,18.322702,121663
2014/4/10,20.15,20.4,19.82,20.030001,18.734241,288112
2014/4/9,19.17,19.82,19.129999,19.709999,18.43494,269010
2014/4/8,19,19.07,18.700001,18.92,17.696049,252447
2014/4/7,19.33,19.51,19.09,19.09,17.855047,350436
2014/4/3,19.5,19.629999,19.32,19.540001,18.275938,250150
2014/4/2,19.92,19.92,19.459999,19.52,18.257233,138110
2014/4/1,19.950001,19.99,19.620001,19.889999,18.603296,94418
2014/3/31,19.879999,20.07,19.68,19.85,18.565884,277090
2014/3/30,19.73,20.32,19.73,20,18.706181,448075
2014/3/27,19.059999,19.59,19.040001,19.51,18.247877,388090
2014/3/26,19.15,19.459999,19.030001,19.139999,17.901814,235685
2014/3/25,19.530001,19.99,19.530001,19.67,18.39753,265409
2014/3/24,20.15,20.280001,19.51,19.57,18.303997,360838
2014/3/23,20.709999,20.950001,20.35,20.4,19.080305,358816
2014/3/20,20.73,21.030001,20.709999,20.85,19.501194,528744
2014/3/19,20.700001,20.98,20.48,20.65,19.314129,259756
2014/3/18,20.77,21.33,20.73,21.07,19.706961,309990
2014/3/17,20.620001,21,20.530001,20.700001,19.360895,162365
2014/3/16,20.360001,20.68,20.139999,20.49,19.164482,298459
2014/3/13,20.4,20.620001,20.02,20.370001,19.052244,220949
2014/3/12,21.4,21.4,20.700001,20.75,19.407661,239232
2014/3/11,21.82,21.82,20.879999,21.4,20.015615,201808
2014/3/10,22.290001,22.299999,21.66,21.91,20.492622,166540
2014/3/9,21.57,22.32,21.51,22.290001,20.84804,161800
2014/3/6,21.75,21.950001,21.299999,21.57,20.174616,163408
2014/3/5,21.35,21.809999,21.18,21.709999,20.305557,133958
2014/3/4,21.450001,21.92,21.09,21.32,19.940788,181332
2014/3/3,20.73,21.32,20.68,21.32,19.940788,159820
2014/3/2,20.459999,20.809999,20.25,20.719999,19.379604,110396
2014/2/27,20.5,20.6,20.27,20.469999,19.145777,228412
2014/2/26,20.41,20.559999,20.41,20.469999,19.145777,75175
2014/2/25,20.629999,20.98,20.5,20.959999,19.604074,141125
2014/2/24,21.200001,21.450001,20.6,20.629999,19.295424,104058
2014/2/23,20.83,20.98,20.52,20.93,19.576017,132512
2014/2/20,20.700001,21.209999,20.690001,20.83,19.482485,253614
2014/2/19,19.83,20.58,19.52,20.450001,19.127069,327808
2014/2/18,20.67,20.700001,19.870001,19.99,18.696825,300229
2014/2/17,20.059999,21.219999,20.059999,20.559999,19.229954,576743
2014/2/16,19.75,20.190001,19.75,19.99,18.460325,239789
2014/2/13,18.59,19.66,18,19.51,18.017056,331066
2014/2/12,19.25,20.1,18.719999,18.809999,17.370625,544214
2014/2/11,17.610001,19.77,17.559999,19.25,17.776957,502703
2014/2/10,16.82,17.17,16.639999,17.129999,15.819181,177429
2014/2/9,17,17.059999,16.18,16.799999,15.514434,229358
2014/2/6,16.33,16.709999,16.32,16.690001,15.41285,180758
2014/2/5,15.95,16.309999,15.74,16.309999,15.061928,113295
2014/2/4,15.82,16.040001,15.69,16,14.77565,105223
2014/2/3,15.79,16.049999,15.73,15.95,14.729475,159948
2014/2/2,16.17,16.219999,16.049999,16.110001,14.877234,98292
2014/1/30,15.94,16.26,15.79,16.25,15.006518,103312
2014/1/29,15.7,16,15.55,15.94,14.720241,194636
2014/1/28,15.82,15.94,15.76,15.83,14.61866,144295
2014/1/27,15.92,15.92,15.6,15.71,14.507841,116613
2014/1/23,15.75,16.01,15.6,15.92,14.701773,181111
2014/1/22,16.26,16.27,15.79,15.81,14.600189,102920
2014/1/21,16.129999,16.370001,16.129999,16.25,15.006518,130017
2014/1/20,15.8,16.120001,15.55,16.110001,14.877234,113499
2014/1/19,16.42,16.450001,15.8,15.85,14.63713,160379
2014/1/16,16.719999,16.719999,16.35,16.469999,15.209683,80044
2014/1/15,16.700001,16.82,16.68,16.790001,15.505199,79687
2014/1/14,16.299999,16.639999,16.24,16.6,15.329738,88893
2014/1/13,16.370001,16.540001,16.1,16.17,14.932643,158382
2014/1/12,17.209999,17.25,16.49,16.6,15.329738,101960
2014/1/9,17.4,17.5,16.83,17.200001,15.883825,128887
2014/1/8,17.370001,17.469999,17.07,17.299999,15.976172,81884
2014/1/7,17.24,17.370001,17.09,17.26,15.939235,102022
2014/1/6,17.02,17.129999,16.950001,17.08,15.773009,105041
2014/1/5,16.719999,17.049999,16.719999,16.889999,15.597547,124830
2014/1/2,16.6,16.705,16.334999,16.700001,15.422088,112260
2014/1/1,16.17,16.51,16.17,16.4,15.14504,58368
